date,member,commit_count,commit_shas,commit_authors_raw,commit_messages,issue_ref_in_commit_msgs,branch_opened_this_day_inferred_from_first_commit,branch_naming_pattern,prs_opened,prs_merged_authored_by_member,open_to_merge_duration,reviews_given_by_member,issues_opened_by_member,issues_closed_today_note,issues_commented_by_member,direct_push_to_main,force_push,shared_account_flag
2026-10-02,Sesha Siva Sankar,1,3f8088174,sesha456 <seshasivasankar@gmail.com>,docs: risk issue plan update for sprint planning day,no,,,#44 (sesha/2026-10-02-sprint-planning),#44,#44: 2.8h,,#43; #42; #41; #40; #39; #38; #37; #36; #35; #34; #33; #32; #31; #30,,NOT RECORDED (issue comment authorship not queried per-issue in this pass; see gaps.md),NOT RECORDED (no non-merge-commit evidence of a direct push straight to main found for this member/day in the commit and PR data pulled),NOT RECORDED (no force-push evidence surfaced by gh/git in this pass),
2026-10-02,Tharun Swaminathan,2,2035d8d64; 69af3f51a,Tharun Ravi Kumar <ravikutn@mail.uc.edu> | Tharun Swaminathan <123496486+TharunSwaminathan@users.noreply.github.com>,docs(tax): close DR-1-3 and add scrum notes #45 | Merge pull request #44 from Error404IsFound/sesha/2026-10-02-sprint-planning,yes,,,#48 (tharun/2026-10-02-45-tax-decisions),,,PR#44:APPROVED@14:58Z (0 chars),#47; #46; #45,,NOT RECORDED (issue comment authorship not queried per-issue in this pass; see gaps.md),NOT RECORDED (no non-merge-commit evidence of a direct push straight to main found for this member/day in the commit and PR data pulled),NOT RECORDED (no force-push evidence surfaced by gh/git in this pass),
2026-10-02,Arthur Elly Lim (via shared account Error404IsFound),1,8ea783010,Error404IsFound <syntx404ae@gmail.com>,Made new organization and added readme,no,,,,,,,,,NOT RECORDED (issue comment authorship not queried per-issue in this pass; see gaps.md),NOT RECORDED (no non-merge-commit evidence of a direct push straight to main found for this member/day in the commit and PR data pulled),NOT RECORDED (no force-push evidence surfaced by gh/git in this pass),YES - activity recorded under the shared Error404IsFound account; cannot independently verify this was Arthur personally from git/GitHub identity alone
2026-10-02,Raniya Shaikh,3,b253a77cf; 6c7806adf; 5ea200c46,Raniyafs <123368685+Raniyafs@users.noreply.github.com> | Raniya Shaikh <raniyafs19@gmail.com>,"Merge pull request #49 from Error404IsFound/raniya/2026-10-02-setup-ci-governance | Fill in real GitHub usernames in fallback workflow | Add PR template, CODEOWNERS, and daily PR fallback workflow",yes,,,#49 (raniya/2026-10-02-setup-ci-governance),,,,,,NOT RECORDED (issue comment authorship not queried per-issue in this pass; see gaps.md),NOT RECORDED (no non-merge-commit evidence of a direct push straight to main found for this member/day in the commit and PR data pulled),NOT RECORDED (no force-push evidence surfaced by gh/git in this pass),
2026-10-03,Sesha Siva Sankar,0,,,,n/a,,,,,,PR#49:COMMENTED@03:39Z (2083 chars); PR#49:APPROVED@03:44Z (366 chars),,#45 (closedAt 2026-10-03T14:56:47Z; filed by TharunSwaminathan),NOT RECORDED (issue comment authorship not queried per-issue in this pass; see gaps.md),NOT RECORDED (no non-merge-commit evidence of a direct push straight to main found for this member/day in the commit and PR data pulled),NOT RECORDED (no force-push evidence surfaced by gh/git in this pass),
2026-10-03,Tharun Swaminathan,0,,,,n/a,,,,#48,#48: 23.4h,,,,NOT RECORDED (issue comment authorship not queried per-issue in this pass; see gaps.md),NOT RECORDED (no non-merge-commit evidence of a direct push straight to main found for this member/day in the commit and PR data pulled),NOT RECORDED (no force-push evidence surfaced by gh/git in this pass),
2026-10-03,Arthur Elly Lim (via shared account Error404IsFound),1,c80ad512a,Error404IsFound <78915639+Error404IsFound@users.noreply.github.com>,Merge pull request #48 from Ghostfolio-Group-1/tharun/2026-10-02-45-tax-decisions,yes,,,#50 (arthur),,,PR#48:APPROVED@14:56Z (3 chars),,,NOT RECORDED (issue comment authorship not queried per-issue in this pass; see gaps.md),NOT RECORDED (no non-merge-commit evidence of a direct push straight to main found for this member/day in the commit and PR data pulled),NOT RECORDED (no force-push evidence surfaced by gh/git in this pass),YES - activity recorded under the shared Error404IsFound account; cannot independently verify this was Arthur personally from git/GitHub identity alone
2026-10-03,Raniya Shaikh,0,,,,n/a,,,,#49,#49: 5.8h,,,,NOT RECORDED (issue comment authorship not queried per-issue in this pass; see gaps.md),NOT RECORDED (no non-merge-commit evidence of a direct push straight to main found for this member/day in the commit and PR data pulled),NOT RECORDED (no force-push evidence surfaced by gh/git in this pass),
2026-10-04,Sesha Siva Sankar,0,,,,n/a,,,,,,,,,NOT RECORDED (issue comment authorship not queried per-issue in this pass; see gaps.md),NOT RECORDED (no non-merge-commit evidence of a direct push straight to main found for this member/day in the commit and PR data pulled),NOT RECORDED (no force-push evidence surfaced by gh/git in this pass),
2026-10-04,Tharun Swaminathan,0,,,,n/a,,,,,,,,,NOT RECORDED (issue comment authorship not queried per-issue in this pass; see gaps.md),NOT RECORDED (no non-merge-commit evidence of a direct push straight to main found for this member/day in the commit and PR data pulled),NOT RECORDED (no force-push evidence surfaced by gh/git in this pass),
2026-10-04,Arthur Elly Lim (via shared account Error404IsFound),0,,,,n/a,,,,,,,,,NOT RECORDED (issue comment authorship not queried per-issue in this pass; see gaps.md),NOT RECORDED (no non-merge-commit evidence of a direct push straight to main found for this member/day in the commit and PR data pulled),NOT RECORDED (no force-push evidence surfaced by gh/git in this pass),
2026-10-04,Raniya Shaikh,0,,,,n/a,,,,,,,,,NOT RECORDED (issue comment authorship not queried per-issue in this pass; see gaps.md),NOT RECORDED (no non-merge-commit evidence of a direct push straight to main found for this member/day in the commit and PR data pulled),NOT RECORDED (no force-push evidence surfaced by gh/git in this pass),
2026-10-05,Sesha Siva Sankar,4,a495156d1; a5162c1d6; 2c062a016; 276a92b26,sesha456 <seshasivasankar@gmail.com> | Sesha S Sankar <46901444+sesha456@users.noreply.github.com>,"fix: apply prettier formatting to iteration-2 docs | Merge pull request #51 from Ghostfolio-Group-1/sesha/2026-10-05-30-concentration | fix(risk): aggregate single-stock concentration by symbol, not by position | feat(risk): single-stock concentration rule",yes,,,#51 (sesha/2026-10-05-30-concentration),#51,#51: 6.6h,PR#61:APPROVED@20:46Z (1017 chars),,#60 (closedAt 2026-10-05T20:47:05Z; filed by Raniyafs); #30 (closedAt 2026-10-05T18:04:15Z; filed by sesha456),NOT RECORDED (issue comment authorship not queried per-issue in this pass; see gaps.md),NOT RECORDED (no non-merge-commit evidence of a direct push straight to main found for this member/day in the commit and PR data pulled),NOT RECORDED (no force-push evidence surfaced by gh/git in this pass),
2026-10-05,Tharun Swaminathan,2,98cf19c87; 1ddb2dbbe,Tharun Ravi Kumar <ravikutn@mail.uc.edu>,Merge main into tharun/2026-10-05-52-tax-decisions | docs(tax): close DR-4-6 and finalize backlog #52,yes,,,#59 (tharun/2026-10-05-52-tax-decisions),,,PR#51:CHANGES_REQUESTED@17:52Z (806 chars); PR#51:APPROVED@18:03Z (630 chars); PR#61:COMMENTED@20:51Z (679 chars),#58; #57; #56; #55; #54; #53; #52,,NOT RECORDED (issue comment authorship not queried per-issue in this pass; see gaps.md),NOT RECORDED (no non-merge-commit evidence of a direct push straight to main found for this member/day in the commit and PR data pulled),NOT RECORDED (no force-push evidence surfaced by gh/git in this pass),
2026-10-05,Arthur Elly Lim (via shared account Error404IsFound),3,efb434081; f1f551d41; bbc5acc7c,Error404IsFound <syntx404ae@gmail.com> | Error404IsFound <78915639+Error404IsFound@users.noreply.github.com>,Fixed the format fix command and updated chart module | Merge branch 'main' into arthur | Merge pull request #59 from Ghostfolio-Group-1/tharun/2026-10-05-52-tax-decisions,yes,,,,,,,,,NOT RECORDED (issue comment authorship not queried per-issue in this pass; see gaps.md),NOT RECORDED (no non-merge-commit evidence of a direct push straight to main found for this member/day in the commit and PR data pulled),NOT RECORDED (no force-push evidence surfaced by gh/git in this pass),YES - activity recorded under the shared Error404IsFound account; cannot independently verify this was Arthur personally from git/GitHub identity alone
2026-10-05,Raniya Shaikh,2,83fff6c18; 978dd397b,Raniyafs <123368685+Raniyafs@users.noreply.github.com> | Raniya Shaikh <raniyafs19@gmail.com>,"Merge pull request #61 from Ghostfolio-Group-1/raniya/2026-10-05-60-api-skeletons | Add empty risk, tax, and charts API module skeletons (#60)",yes,,,#61 (raniya/2026-10-05-60-api-skeletons),#61,#61: 0.1h,,#68; #67; #66; #65; #64; #63; #62; #60,,NOT RECORDED (issue comment authorship not queried per-issue in this pass; see gaps.md),NOT RECORDED (no non-merge-commit evidence of a direct push straight to main found for this member/day in the commit and PR data pulled),NOT RECORDED (no force-push evidence surfaced by gh/git in this pass),
2026-10-06,Sesha Siva Sankar,4,48b861189; 4ac11ce34; a6b25420d; c27ce647a,Sesha S Sankar <46901444+sesha456@users.noreply.github.com> | sesha456 <seshasivasankar@gmail.com>,Merge pull request #71 from Ghostfolio-Group-1/sesha/2026-10-06-31-concentration | test(risk): correct Healthcare figures in sector FX test title | fix(risk): add real coverage to risk.service.spec.ts per review | feat(risk): sector + country concentration rules,yes,,,#71 (sesha/2026-10-06-31-concentration),#71,#71: 5.5h,PR#74:APPROVED@22:41Z (350 chars); PR#75:APPROVED@22:40Z (311 chars),,#73 (closedAt 2026-10-06T22:42:07Z; filed by Raniyafs); #52 (closedAt 2026-10-06T03:59:07Z; filed by TharunSwaminathan); #31 (closedAt 2026-10-06T15:58:20Z; filed by sesha456),NOT RECORDED (issue comment authorship not queried per-issue in this pass; see gaps.md),NOT RECORDED (no non-merge-commit evidence of a direct push straight to main found for this member/day in the commit and PR data pulled),NOT RECORDED (no force-push evidence surfaced by gh/git in this pass),
2026-10-06,Tharun Swaminathan,1,e08a42e58,Tharun Ravi Kumar <ravikutn@mail.uc.edu>,feat(tax): add withholding tax source field (#46),yes,,,#72 (tharun/2026-10-06-46-withholding-tax),#59,#59: 9.3h,PR#70:CHANGES_REQUESTED@14:45Z (1096 chars); PR#71:CHANGES_REQUESTED@14:44Z (567 chars); PR#71:APPROVED@15:36Z (668 chars),,,NOT RECORDED (issue comment authorship not queried per-issue in this pass; see gaps.md),NOT RECORDED (no non-merge-commit evidence of a direct push straight to main found for this member/day in the commit and PR data pulled),NOT RECORDED (no force-push evidence surfaced by gh/git in this pass),
2026-10-06,Arthur Elly Lim (via shared account Error404IsFound),3,03e225655; d268a5e2c; 0a4951e43,Error404IsFound <syntx404ae@gmail.com> | Error404IsFound <78915639+Error404IsFound@users.noreply.github.com>,Add a shared time-range resolver for chart presets and custom dates. | Merge pull request #72 from Ghostfolio-Group-1/tharun/2026-10-06-46-withholding-tax | Reconcile chart API contract with real Ghostfolio API and add TimeRangeSelection DTO,yes,,,#70 (reconcile-chart-api); #69 (fixing-format-fix-and-creating-charts-module),,,PR#59:APPROVED@03:58Z (49 chars),,,NOT RECORDED (issue comment authorship not queried per-issue in this pass; see gaps.md),NOT RECORDED (no non-merge-commit evidence of a direct push straight to main found for this member/day in the commit and PR data pulled),NOT RECORDED (no force-push evidence surfaced by gh/git in this pass),YES - activity recorded under the shared Error404IsFound account; cannot independently verify this was Arthur personally from git/GitHub identity alone
2026-10-06,Raniya Shaikh,3,066a40e22; 0dc0d8c8e; 15db3fe0c,Raniyafs <123368685+Raniyafs@users.noreply.github.com> | Raniya Shaikh <raniyafs19@gmail.com>,Merge pull request #74 from Ghostfolio-Group-1/raniya/2026-10-06-73-api-convention-types | Scaffold React component library with layout shell and design tokens (#73) | Add shared API convention types to common library (#73),yes,,,#75 (raniya/2026-10-06-73-react-ui-scaffold); #74 (raniya/2026-10-06-73-api-convention-types),#74,#74: 0.4h,,#73,,NOT RECORDED (issue comment authorship not queried per-issue in this pass; see gaps.md),NOT RECORDED (no non-merge-commit evidence of a direct push straight to main found for this member/day in the commit and PR data pulled),NOT RECORDED (no force-push evidence surfaced by gh/git in this pass),
2026-10-07,Sesha Siva Sankar,10,2b2584774; d89bb9d3a; 39aeae64f; 166d0d62a; 95df0203a; 952b92d3c; b9e3698b6; ca004bf47; 61d3c45c5; 5d7680f39,sesha456 <seshasivasankar@gmail.com> | Sesha S Sankar <46901444+sesha456@users.noreply.github.com>,Merge main to pick up PR #78 (withholdingTax export/storybook fix) | On sesha/2026-10-06-31-concentration: wip: future risk issues drafts (checkout blocker) | index on sesha/2026-10-06-31-concentration: 4ac11ce34 test(risk): correct Healthcare figures in sector FX test title | untracked files on sesha/2026-10-06-31-concentration: 4ac11ce34 test(risk): correct Healthcare figures in sector FX test title | Merge pull request #78 from Ghostfolio-Group-1/sesha/2026-10-07-hotfix-export-withholding-tax | fix(ui): add withholdingTax to activities-table story mock data | fix(ui): add withholdingTax to activities-table story mock data | fix(export): include withholdingTax in export.service.ts activity map | fix(export): include withholdingTax in export.service.ts activity map | feat(risk): currency and asset-class exposure calculators,yes,,,#78 (sesha/2026-10-07-hotfix-export-withholding-tax); #77 (sesha/2026-10-07-32-exposure),#78,#78: 7.1h,,,#79 (closedAt 2026-10-07T19:40:20Z; filed by TharunSwaminathan); #46 (closedAt 2026-10-07T01:09:24Z; filed by TharunSwaminathan),NOT RECORDED (issue comment authorship not queried per-issue in this pass; see gaps.md),NOT RECORDED (no non-merge-commit evidence of a direct push straight to main found for this member/day in the commit and PR data pulled),NOT RECORDED (no force-push evidence surfaced by gh/git in this pass),
2026-10-07,Tharun Swaminathan,1,1829b3bcd,Tharun Ravi Kumar <ravikutn@mail.uc.edu>,feat(tax): validate withholding tax persistence (#79),yes,,,#80 (tharun/2026-10-07-79-withholding-persistence),#80; #72,#80: 3.5h; #72: 6.7h,PR#77:APPROVED@16:21Z (672 chars); PR#78:APPROVED@14:21Z (746 chars),#79,,NOT RECORDED (issue comment authorship not queried per-issue in this pass; see gaps.md),NOT RECORDED (no non-merge-commit evidence of a direct push straight to main found for this member/day in the commit and PR data pulled),NOT RECORDED (no force-push evidence surfaced by gh/git in this pass),
2026-10-07,Arthur Elly Lim (via shared account Error404IsFound),4,fca791619; 86c713334; 07865b79e; 5995a1066,Error404IsFound <syntx404ae@gmail.com> | Error404IsFound <78915639+Error404IsFound@users.noreply.github.com>, map performance history to ChartSeriesResponse | Merge pull request #76 from Ghostfolio-Group-1/Arthur-Adding-time-range | Merge pull request #80 from Ghostfolio-Group-1/tharun/2026-10-07-79-withholding-persistence | Remove unrelated ESLint and withholding-tax edits from the time-range change.,yes,,,#76 (Arthur-Adding-time-range),#76,#76: 17.3h,PR#72:APPROVED@01:08Z (1497 chars); PR#80:APPROVED@19:40Z (0 chars),,,NOT RECORDED (issue comment authorship not queried per-issue in this pass; see gaps.md),NOT RECORDED (no non-merge-commit evidence of a direct push straight to main found for this member/day in the commit and PR data pulled),NOT RECORDED (no force-push evidence surfaced by gh/git in this pass),YES - activity recorded under the shared Error404IsFound account; cannot independently verify this was Arthur personally from git/GitHub identity alone
2026-10-07,Raniya Shaikh,2,b120ed316; ab3e829a8,Raniya Shaikh <raniyafs19@gmail.com> | Raniyafs <123368685+Raniyafs@users.noreply.github.com>,"Add Card, Button, and theme to React library; retract 151/152 test claim (#81) | Merge pull request #75 from Ghostfolio-Group-1/raniya/2026-10-06-73-react-ui-scaffold",yes,,,#82 (raniya/2026-10-07-81-react-ui-components),#75,#75: 21.1h,PR#76:COMMENTED@03:10Z (1923 chars); PR#76:CHANGES_REQUESTED@03:13Z (2079 chars); PR#76:APPROVED@19:28Z (0 chars),#81,,NOT RECORDED (issue comment authorship not queried per-issue in this pass; see gaps.md),NOT RECORDED (no non-merge-commit evidence of a direct push straight to main found for this member/day in the commit and PR data pulled),NOT RECORDED (no force-push evidence surfaced by gh/git in this pass),
2026-10-08,Sesha Siva Sankar,6,"19f37aa10,81d66c0e5,3f4ad6b8e,85e2cefe1,e8b313fd1,9796e45c2","sesha456 (4 commits); Sesha S Sankar (2 merge commits via GitHub UI)","feat(risk): ExposureService...; docs(records): backfill...; Merge main to pick up PR #87...; Merge main to pick up #77...; Merge pull request #77...; Merge pull request #88...",yes (Closes #33 in PR #88 body),"sesha/2026-10-08-33-risk-summary, sesha/2026-10-08-records-backfill",yes - both follow sesha/YYYY-MM-DD-NN-slug,"#88, #89","#77 (opened Oct 7, merged 2026-10-09T03:13:29Z); #88 (opened 2026-10-08T21:47:46Z, merged 2026-10-09T03:46:58Z same day)","#77: ~1 day 7h; #88: ~6h","#82 (APPROVED 21:46:05Z), #87 (APPROVED 21:45:37Z)",0,"#32 (via PR #77), #33 (via PR #88)",NOT RECORDED (issue comment authorship not queried per-issue in this pass; see gaps.md),NOT RECORDED (no non-merge-commit evidence of a direct push straight to main found for this member/day in the commit and PR data pulled),NOT RECORDED (no force-push evidence surfaced by gh/git in this pass),
2026-10-08,Tharun Swaminathan,1,4b4bad640,Tharun Ravi Kumar,feat(tax): derive dividend record from activities (#84),yes (#84 in commit message and Closes #84 in PR body),tharun/2026-10-08-84-dividend-record,yes - follows tharun/YYYY-MM-DD-NN-slug,#86,0 (PR #86 not merged as of 2026-10-08 close),n/a - not yet merged,"#88 (COMMENTED 2026-10-09T03:07:50Z asking for #77-then-#88 update sequence; APPROVED 2026-10-09T03:35:32Z after update)",1 (#84),0,NOT RECORDED (issue comment authorship not queried per-issue in this pass; see gaps.md),NOT RECORDED (no non-merge-commit evidence of a direct push straight to main found for this member/day in the commit and PR data pulled),NOT RECORDED (no force-push evidence surfaced by gh/git in this pass),
2026-10-08,Arthur Elly Lim (via shared account Error404IsFound),1,fca791619,Error404IsFound,map performance history to ChartSeriesResponse,"no - PR #83 body has ""Closes #"" with the issue number left blank; see gaps.md item 4",Existing-Ghostfolio-performance-history,"no - not day-dated, no issue number, repeats the pattern flagged on PRs #50/#69/#70/#76",#83 (created 2026-10-08T01:15:16Z),"0 (merged by Raniya Shaikh, not self-merged)",n/a,0,0,0,NOT RECORDED (issue comment authorship not queried per-issue in this pass; see gaps.md),NOT RECORDED (no non-merge-commit evidence of a direct push straight to main found for this member/day in the commit and PR data pulled),NOT RECORDED (no force-push evidence surfaced by gh/git in this pass),YES - activity recorded under the shared Error404IsFound account; cannot independently verify this was Arthur personally from git/GitHub identity alone
2026-10-08,Raniya Shaikh,5,"632215e17,ebe6c9227,03195c8e3,c3a639562,c5d06cec9",Raniya Shaikh / Raniyafs,"Split CI into lint, unit test, and build jobs (#85); Merge pull request #83...; Merge pull request #87...; Merge remote-tracking branch origin/main into raniya/2026-10-07-81-react-ui-components; Merge pull request #82...",yes (#85 in commit message and Closes #85 in PR body),raniya/2026-10-08-85-ci-lint-tests,yes - follows raniya/YYYY-MM-DD-NN-slug,#87,"#87 (opened 2026-10-08T17:18:29Z, merged 2026-10-08T21:47:03Z); #82 (opened Oct 7, merged 2026-10-09T03:20:59Z)","#87: ~4.5h; #82: merged next day after approval",#83 (APPROVED 2026-10-08T15:44:24Z),1 (#85),0,NOT RECORDED (issue comment authorship not queried per-issue in this pass; see gaps.md),NOT RECORDED (no non-merge-commit evidence of a direct push straight to main found for this member/day in the commit and PR data pulled),NOT RECORDED (no force-push evidence surfaced by gh/git in this pass),

SPRINT-LEVEL FACTS (not per-day; same file for convenience),,,,,,,,,,,,,,,,,,
Sprint branch beyond per-feature branches,NOT RECORDED - no single shared sprint branch found beyond main and the per-person per-issue branches listed above (sesha/raniya/tharun/<date>-<issue>-<slug> pattern; Arthur uses untagged branch names - see below),,,,,,,,,,,,,,,,,
Branch naming pattern compliance,"sesha/*, raniya/*, tharun/* branches mostly follow <owner>/<YYYY-MM-DD>-<issue#>-<slug> (exception: raniya/2026-10-02-setup-ci-governance has no issue number). Arthur/Error404IsFound branches do NOT follow this pattern at all: arthur; Arthur-Adding-time-range; reconcile-chart-api; fixing-format-fix-and-creating-charts-module; Existing-Ghostfolio-performance-history - no date, no issue number, inconsistent casing.",,,,,,,,,,,,,,,,,
Milestone state (gh api .../milestones) as of 2026-10-08 end of day,"Iteration 1: id 1, due 2026-10-01, open_issues=0 closed_issues=0. Iteration 2: id 2, due 2026-11-01, open_issues=25 closed_issues=14. Iteration 3: id 3, due 2026-12-05, open_issues=1 closed_issues=0. NOTE: the milestone API's closed_issues=14 does not match the 12 closed issue numbers returned by `gh issue list --state closed` (#30,31,32,33,45,46,52,60,73,79,81,85) - 2 issues are unaccounted for; not reconciled in this pass, see gaps.md.",,,,,,,,,,,,,,,,,
Branch protection ruleset (gh api .../rulesets/24394785) Protect Main,"Created 2026-10-02T17:29:34-05:00, updated 2026-10-02T17:46:08-05:00. Target: DEFAULT_BRANCH. Rules: deletion blocked; non_fast_forward blocked; pull_request required (required_approving_review_count=1, require_code_owner_review=false, dismiss_stale_reviews_on_push=false, allowed_merge_methods=merge/squash/rebase); required_status_checks present but the required_status_checks list is EMPTY (no specific check is actually required to pass before merge, despite CI running). current_user_can_bypass=never.",,,,,,,,,,,,,,,,,
Issue authorship (no comment-level data pulled),"46 issues total as of 2026-10-08 end of day (up from 44 at mid-day snapshot, +#84 Tharun, +#85 Raniya): sesha456 authored #18-26,#30-43 (risk); TharunSwaminathan authored #45,46,47,52-58,79,84 (tax); Raniyafs authored #60,62-68,73,81,85 (dashboard). Error404IsFound/Arthur authored ZERO issues, still true at end of day. See deviations.md D-5.",,,,,,,,,,,,,,,,,
"Issue status in Iteration 2 milestone at this snapshot (sprint not yet closed, updated end of 2026-10-08)","12 CLOSED (per gh issue list): #30,#31,#32,#33,#45,#46,#52,#60,#73,#79,#81,#85. Remainder OPEN (listed in product-backlog.csv, now including #84 and #86-related work). Closed today (2026-10-08): #32, #33, #81, #85. Final status at actual sprint close (2026-11-01) is NOT RECORDED since the sprint is not over as of 2026-10-08.",,,,,,,,,,,,,,,,,
