task_id,planned_date,owner,parent_story_issue,task_description,type,branch_name,pr_number_url,reviewer,review_timestamp,review_outcome,merge_timestamp,actual_completion_date,status,days_late,remaining_work_notes,evidence_link
T-45,2026-10-02 (Fri),Tharun Swaminathan,#45 https://github.com/Ghostfolio-Group-1/ghostfolio-software-engineering-project-g1/issues/45,Close DR-1-3; create scrum-notes template; file #46/#47,task,tharun/2026-10-02-45-tax-decisions,#48 https://github.com/Ghostfolio-Group-1/ghostfolio-software-engineering-project-g1/pull/48,Arthur (via Error404IsFound shared account),2026-10-03T14:56:30Z,APPROVED,2026-10-03T14:56:46Z,2026-10-03 (planned Oct 2; merged next day),done late,"1 (planned Oct 2, merged Oct 3)",,https://github.com/Ghostfolio-Group-1/ghostfolio-software-engineering-project-g1/pull/48
T-sesha-oct2,2026-10-02 (Fri),Sesha Siva Sankar,"NOT RECORDED - no issue number; daily-plan task, not tracked as a GitHub issue (see docs/2026-10-02-risk-issue-plan-update.md)",Sync main; retroactive review of PR #28/#29; confirm risk issues #18-26 milestoned; file risk issues #30-43,task,sesha/2026-10-02-sprint-planning,#44 https://github.com/Ghostfolio-Group-1/ghostfolio-software-engineering-project-g1/pull/44,Tharun Swaminathan,2026-10-02T14:58:13Z,APPROVED,2026-10-02T14:57:54Z,2026-10-02,done on time,0,,https://github.com/Ghostfolio-Group-1/ghostfolio-software-engineering-project-g1/pull/44
T-raniya-oct2,2026-10-02 (Fri),Raniya Shaikh,NOT RECORDED - no issue; CI/governance setup task,"Add PR template, CODEOWNERS, daily-pr-fallback workflow (branch protection ruleset also created same day)",task,raniya/2026-10-02-setup-ci-governance,#49 https://github.com/Ghostfolio-Group-1/ghostfolio-software-engineering-project-g1/pull/49,Sesha Siva Sankar,2026-10-03T03:44:48Z,APPROVED (after 1 COMMENTED round),2026-10-03T03:45:24Z,2026-10-03,done late,1,,https://github.com/Ghostfolio-Group-1/ghostfolio-software-engineering-project-g1/pull/49
T-30,2026-10-05 (Mon),Sesha Siva Sankar,#30 https://github.com/Ghostfolio-Group-1/ghostfolio-software-engineering-project-g1/issues/30,ConcentrationRule - single stock: evaluate(settings) with numeric tests,task,sesha/2026-10-05-30-concentration,#51 https://github.com/Ghostfolio-Group-1/ghostfolio-software-engineering-project-g1/pull/51,Tharun Swaminathan,2026-10-05T17:52:40Z (CHANGES_REQUESTED) then 2026-10-05T18:03:45Z (APPROVED),"CHANGES_REQUESTED then APPROVED (rework: aggregate by symbol not position, commit 2c062a0)",2026-10-05T18:04:14Z,2026-10-05,done on time (after same-day rework),0,,https://github.com/Ghostfolio-Group-1/ghostfolio-software-engineering-project-g1/pull/51
T-52,2026-10-05 (Mon),Tharun Swaminathan,#52 https://github.com/Ghostfolio-Group-1/ghostfolio-software-engineering-project-g1/issues/52,Close DR-4-6; file remaining tax issues #53-58,task,tharun/2026-10-05-52-tax-decisions,#59 https://github.com/Ghostfolio-Group-1/ghostfolio-software-engineering-project-g1/pull/59,Arthur (via Error404IsFound shared account),2026-10-06T03:58:56Z,APPROVED,2026-10-06T03:59:06Z,2026-10-06,done late,1,,https://github.com/Ghostfolio-Group-1/ghostfolio-software-engineering-project-g1/pull/59
T-60,2026-10-05 (Mon),Raniya Shaikh,#60 https://github.com/Ghostfolio-Group-1/ghostfolio-software-engineering-project-g1/issues/60,"Add empty NestJS module/controller skeletons for risk, tax, charts APIs",task,raniya/2026-10-05-60-api-skeletons,#61 https://github.com/Ghostfolio-Group-1/ghostfolio-software-engineering-project-g1/pull/61,"Sesha Siva Sankar (APPROVED); Tharun Swaminathan (COMMENTED, after merge)",2026-10-05T20:46:03Z,APPROVED (note: first CI run on this PR showed build_and_push=CANCELLED/FAILURE before a passing re-run — see deviations.md),2026-10-05T20:47:03Z,2026-10-05,done on time,0,,https://github.com/Ghostfolio-Group-1/ghostfolio-software-engineering-project-g1/pull/61
T-31,2026-10-06 (Tue),Sesha Siva Sankar,#31 https://github.com/Ghostfolio-Group-1/ghostfolio-software-engineering-project-g1/issues/31,Replace placeholder risk.service.spec.ts; sector + country concentration calculators,task,sesha/2026-10-06-31-concentration,#71 https://github.com/Ghostfolio-Group-1/ghostfolio-software-engineering-project-g1/pull/71,Tharun Swaminathan,2026-10-06T14:44:55Z (CHANGES_REQUESTED) then 2026-10-06T15:36:46Z (APPROVED),"CHANGES_REQUESTED then APPROVED (rework: real coverage added to risk.service.spec.ts per review, commit a6b2542)",2026-10-06T15:58:18Z,2026-10-06,done on time (after same-day rework),0,,https://github.com/Ghostfolio-Group-1/ghostfolio-software-engineering-project-g1/pull/71
T-46,2026-10-06 (Tue),Tharun Swaminathan,#46 https://github.com/Ghostfolio-Group-1/ghostfolio-software-engineering-project-g1/issues/46,Add nullable withholdingTax to Order and DTOs (Prisma migration 20261006120000_added_withholding_tax_to_order),task,tharun/2026-10-06-46-withholding-tax,#72 https://github.com/Ghostfolio-Group-1/ghostfolio-software-engineering-project-g1/pull/72,Arthur (via Error404IsFound shared account),2026-10-07T01:08:17Z,APPROVED (CI build/build_and_push=FAILURE recorded on the PR at merge time),2026-10-07T01:09:22Z,2026-10-07,done late (merged after midnight Oct 7) AND caused a CI incident on main - see deviations.md,"1 (planned Oct 6, merged Oct 7); main build broken until PR #78 Oct 7",,https://github.com/Ghostfolio-Group-1/ghostfolio-software-engineering-project-g1/pull/72
T-73,2026-10-06 (Tue),Raniya Shaikh,#73 https://github.com/Ghostfolio-Group-1/ghostfolio-software-engineering-project-g1/issues/73,Add shared API convention types to common library,task,raniya/2026-10-06-73-api-convention-types,#74 https://github.com/Ghostfolio-Group-1/ghostfolio-software-engineering-project-g1/pull/74,Sesha Siva Sankar,2026-10-06T22:41:49Z,APPROVED,2026-10-06T22:42:06Z,2026-10-06,done on time,0,,https://github.com/Ghostfolio-Group-1/ghostfolio-software-engineering-project-g1/pull/74
T-73b,"2026-10-06 (Tue, follow-on same day)",Raniya Shaikh,"#73 https://github.com/Ghostfolio-Group-1/ghostfolio-software-engineering-project-g1/issues/73 (marked ""Part of #73"", not ""Closes"")","Scaffold React component library (design tokens, LayoutShell) in libs/react-ui",task,raniya/2026-10-06-73-react-ui-scaffold,#75 https://github.com/Ghostfolio-Group-1/ghostfolio-software-engineering-project-g1/pull/75,Sesha Siva Sankar,2026-10-06T22:40:00Z,APPROVED,2026-10-07T19:36:00Z,2026-10-07 (merge delayed ~21h past approval; main was blocked by the PR #72 build break in the interim),done late,1,,https://github.com/Ghostfolio-Group-1/ghostfolio-software-engineering-project-g1/pull/75
T-arthur-oct6-a,NOT RECORDED (no [Charts]-prefixed or dated charts issue exists for this task),Arthur Elly Lim (committed as shared account Error404IsFound),NO ISSUE FILED - flag per audit rule,Fix format-fix script cross-platform issue; create charts module skeleton (duplicates part of #60/dashboard-skeleton scope),task,fixing-format-fix-and-creating-charts-module,#69 https://github.com/Ghostfolio-Group-1/ghostfolio-software-engineering-project-g1/pull/69,NOT RECORDED (no reviews on PR as of 2026-10-08),,NOT RECORDED - no review submitted,"OPEN, not merged as of 2026-10-08",NOT COMPLETE,in progress / carried over,NOT RECORDED (no planned date to measure against),Needs review and merge; no linked issue to close,https://github.com/Ghostfolio-Group-1/ghostfolio-software-engineering-project-g1/pull/69
T-85,2026-10-08 (Thu),Raniya Shaikh,#85 https://github.com/Ghostfolio-Group-1/ghostfolio-software-engineering-project-g1/issues/85,Add CI workflow running lint and unit tests on every PR (split Build code into Lint/Unit tests/Build jobs; run on push to main),task,raniya/2026-10-08-85-ci-lint-tests,#87 https://github.com/Ghostfolio-Group-1/ghostfolio-software-engineering-project-g1/pull/87,Sesha Siva Sankar,2026-10-08T21:45:37Z,APPROVED,2026-10-08T21:47:03Z,2026-10-08,done on time,0,,https://github.com/Ghostfolio-Group-1/ghostfolio-software-engineering-project-g1/pull/87
T-84,2026-10-08 (Thu),Tharun Swaminathan,#84 https://github.com/Ghostfolio-Group-1/ghostfolio-software-engineering-project-g1/issues/84,Derive DividendRecord from existing Order/activity model (gross/net dividend using persisted withholdingTax),task,tharun/2026-10-08-84-dividend-record,#86 https://github.com/Ghostfolio-Group-1/ghostfolio-software-engineering-project-g1/pull/86,Error404IsFound (shared account - per reviewer ring),NOT RECORDED (no review submitted as of 2026-10-08),NOT RECORDED - awaiting review,"OPEN, not merged as of 2026-10-08",NOT COMPLETE,in progress,0 (today is the planned date),Depends on #46/PR #72 and #79/PR #80 (both already merged); CI not yet checked in this record,https://github.com/Ghostfolio-Group-1/ghostfolio-software-engineering-project-g1/pull/86
T-records,"NOT RECORDED (no dated issue; team request made directly to Sesha mid-day Oct 8)",Sesha Siva Sankar,NO ISSUE FILED - ad hoc team request,Backfill Iteration 2 record-keeping system (project-docs/iteration-2/records/) from GitHub data,task,sesha/2026-10-08-records-backfill,#89 https://github.com/Ghostfolio-Group-1/ghostfolio-software-engineering-project-g1/pull/89,Raniya Shaikh (requested),NOT RECORDED (no review submitted as of 2026-10-08),NOT RECORDED - awaiting review,"OPEN, not merged as of 2026-10-08",NOT COMPLETE,in progress,0 (today is the request date),This file is itself T-records' own evidence trail,https://github.com/Ghostfolio-Group-1/ghostfolio-software-engineering-project-g1/pull/89
T-arthur-oct6-b,NOT RECORDED (no charts issue exists),Arthur Elly Lim (shared account Error404IsFound),NO ISSUE FILED,Reconcile chart API contract with real Ghostfolio API; add TimeRangeSelection DTO,task,reconcile-chart-api,#70 https://github.com/Ghostfolio-Group-1/ghostfolio-software-engineering-project-g1/pull/70,Tharun Swaminathan,2026-10-06T14:45:31Z,"CHANGES_REQUESTED, not yet re-approved","OPEN, not merged as of 2026-10-08",NOT COMPLETE,in progress / carried over,NOT RECORDED,Address Tharun review comments; CI shows build/build_and_push=FAILURE; needs linked issue,https://github.com/Ghostfolio-Group-1/ghostfolio-software-engineering-project-g1/pull/70
T-32,2026-10-07 (Wed),Sesha Siva Sankar,#32 https://github.com/Ghostfolio-Group-1/ghostfolio-software-engineering-project-g1/issues/32,Currency and asset-class exposure calculators (multi-currency tests),task,sesha/2026-10-07-32-exposure,#77 https://github.com/Ghostfolio-Group-1/ghostfolio-software-engineering-project-g1/pull/77,Tharun Swaminathan,2026-10-07T16:21:14Z,APPROVED,2026-10-09T03:13:29Z,2026-10-08 (planned Oct 7; merged via auto-merge once PR #87's new required checks passed),done late,1,,https://github.com/Ghostfolio-Group-1/ghostfolio-software-engineering-project-g1/pull/77
T-hotfix-78,"NOT RECORDED (unplanned hotfix, not a dated daily-plan task)",Sesha Siva Sankar,NO ISSUE FILED for this hotfix,fix(export): include withholdingTax in export.service.ts activity map (fixes main build break caused by PR #72),task (hotfix),sesha/2026-10-07-hotfix-export-withholding-tax,#78 https://github.com/Ghostfolio-Group-1/ghostfolio-software-engineering-project-g1/pull/78,Tharun Swaminathan,2026-10-07T14:21:36Z,APPROVED,2026-10-07T19:45:48Z,2026-10-07,done on time (same-day hotfix),0,,https://github.com/Ghostfolio-Group-1/ghostfolio-software-engineering-project-g1/pull/78
T-79,2026-10-07 (Wed),Tharun Swaminathan,#79 https://github.com/Ghostfolio-Group-1/ghostfolio-software-engineering-project-g1/issues/79,Persist and validate withholdingTax on activity create/update,task,tharun/2026-10-07-79-withholding-persistence,#80 https://github.com/Ghostfolio-Group-1/ghostfolio-software-engineering-project-g1/pull/80,Arthur (via Error404IsFound shared account),2026-10-07T19:40:07Z,"APPROVED (254 tests passed, 1 skipped per PR body; CI statusCheckRollup shows FAILURE entries recorded on the PR even though it merged)",2026-10-07T19:40:19Z,2026-10-07,done on time,0,,https://github.com/Ghostfolio-Group-1/ghostfolio-software-engineering-project-g1/pull/80
T-81,2026-10-07 (Wed),Raniya Shaikh,#81 https://github.com/Ghostfolio-Group-1/ghostfolio-software-engineering-project-g1/issues/81,"Add Card, Button, and theme to React library; verify/retract ""151/152 passing"" test-count claim",task,raniya/2026-10-07-81-react-ui-components,#82 https://github.com/Ghostfolio-Group-1/ghostfolio-software-engineering-project-g1/pull/82,Sesha Siva Sankar,2026-10-08T21:46:05Z,APPROVED,2026-10-09T03:20:59Z,2026-10-08,done late,1,,https://github.com/Ghostfolio-Group-1/ghostfolio-software-engineering-project-g1/pull/82
T-arthur-oct7,NOT RECORDED (no charts issue exists),Arthur Elly Lim (shared account Error404IsFound),NO ISSUE FILED,Add a shared time-range resolver for chart presets and custom dates (resolveTimeRange()),task,Arthur-Adding-time-range,#76 https://github.com/Ghostfolio-Group-1/ghostfolio-software-engineering-project-g1/pull/76,Raniya Shaikh,2026-10-07T03:13:23Z (CHANGES_REQUESTED) then 2026-10-07T19:28:48Z (APPROVED),"CHANGES_REQUESTED then APPROVED (rework: removed unrelated ESLint/withholding-tax edits, commit 5995a10)",2026-10-07T19:40:49Z,2026-10-07,done late (review cycle spanned ~16h; no issue link),NOT RECORDED (no planned date),,https://github.com/Ghostfolio-Group-1/ghostfolio-software-engineering-project-g1/pull/76
T-33,2026-10-08 (Thu),Sesha Siva Sankar,#33 https://github.com/Ghostfolio-Group-1/ghostfolio-software-engineering-project-g1/issues/33,ExposureService: combine concentration + exposure into RiskSummary,task,sesha/2026-10-08-33-risk-summary,#88 https://github.com/Ghostfolio-Group-1/ghostfolio-software-engineering-project-g1/pull/88,Tharun Swaminathan,2026-10-09T03:07:50Z (COMMENTED - asked to update #88 after #77 merged) then 2026-10-09T03:35:32Z (APPROVED),APPROVED,2026-10-09T03:46:58Z,2026-10-08,done on time,0,,https://github.com/Ghostfolio-Group-1/ghostfolio-software-engineering-project-g1/pull/88
T-arthur-oct8,NOT RECORDED (no charts issue exists),Arthur Elly Lim (shared account Error404IsFound),"NO ISSUE FILED (PR body has ""Closes #"" with the issue number left blank)",Map Ghostfolio performance history to ChartSeriesResponse (daily/weekly granularity per zoom/pan spec),task,"Existing-Ghostfolio-performance-history (not day-dated; same branch-naming violation as prior Arthur PRs)",#83 https://github.com/Ghostfolio-Group-1/ghostfolio-software-engineering-project-g1/pull/83,Raniya Shaikh,2026-10-08T15:44:24Z,APPROVED (checklist items in PR body left unchecked despite approval - see deviations.md),2026-10-08T15:44:40Z,2026-10-08,done late,NOT RECORDED (no planned date to measure against),,https://github.com/Ghostfolio-Group-1/ghostfolio-software-engineering-project-g1/pull/83
T-arthur-oct3,NOT RECORDED (no charts issue; branch created 2026-10-03),Arthur Elly Lim (shared account Error404IsFound),NO ISSUE FILED — explicitly flagged by reviewer (see PR #50 review),"""Made new organization and added readme"" — charts README + package.json format-fix script",task,"arthur (long-lived branch, not day-dated — flagged by reviewer as a process violation)",#50 https://github.com/Ghostfolio-Group-1/ghostfolio-software-engineering-project-g1/pull/50,Tharun Swaminathan,2026-10-05T21:17:04Z,"CHANGES_REQUESTED — reviewer explicitly cited: unfinished README, shell-specific (non-Windows-safe) package.json script, wrong API path convention, no linked issue, and use of the shared Error404IsFound account on a long-lived branch","OPEN, not merged as of 2026-10-08",NOT COMPLETE,"in progress / carried over — unresolved process violations, see deviations.md",NOT RECORDED (no planned date),All 5 reviewer-cited items remain open per latest PR state,https://github.com/Ghostfolio-Group-1/ghostfolio-software-engineering-project-g1/pull/50
